8eight1,81
98126,177
fourfourthreehnbhkmscqxdfksg64bvpppznkh,221
8fivenvvtrlj,306
six3zbhvrfhsevennine,375
427nine6chnqrssxfour,419
threevvxhvx38rktdqm3,452
eightzgqzr3eight,540
xgjjmnlvznf2nineltmsevennine6,566
ninethree15seven,663
37cjnsfbfkqpkxpdvgk8,701
sgeightwo3,784
9sbxg,883
1spnthree59ninejjgjdlx,902
six9six2gxmn,964
twothreefdbl6five3zcqvcqxkcvdfkl4,988
46six47seven27one,1029
four15,1074
7sixvmsrrzqnngonethree,1147
3fvsghvkqkbfivenine,1186
zhthfghk6ppc48bdx6two,1248
1fouronesixsvhbglmvxx,1264
7lcsixmzmseven,1341
two37sixccrpqngpvthree,1364
86fivelqmlmbnhq,1449
bvcz4,1493
6fivendr7seven31nine4,1557
jmkhtgklhpxxblc2slhlnfkoneonefour,1581
8smpnsc29threesix,1667
r795vgnhqhs92one,1738
eightfive6,1824
4threeqzslpcvkpfdjh,1867
8cthp65,1952
twoonenine87,1979
dzttdmpfxtnine6onefourone3vnnz,2072
8tnnfrsdffpthree67xh,2159
seven5seven27hf,2236
3sevenone,2267
seven9foursskfhnchhf481,2338
vrfbrcsgp81vsztr,2419
six9dnqqgxtvrngpz7879two,2481
lkvzzdxmr71lglsixfour,2555
two6jkpz9,2584
1sevenpmjfv,2601
nlvrdmdhxsix7three7frmdlckfjninesix,2667
gfb89qrhtzsfvbnpbp6two,2749
f8mbbtzjvrqkrszlgrlzrlrgmbmmrdqv8seven,2836
sphkkpptpvjzbflkzz2vbndc3foureighttbn,2864
eightnine5zpbzhltpmsxrggdcmbrzkvczqbfsevendtjsr,2951
2snpbrhpnine3sevensevenhftpqgk5,2976
seventjxr91sevenseveneightwojf,3048
1hfkvhjxrtjfivefive,3063
3fxgmlxtwo,3095
stwoeighttwo3,3118
eight45t,3203
sixthreecdhbfive3sevensrskjm,3270
fiveklmj94sixlhpfztlk95,3325
fivefive6,3381
fiventjm7tndhd57,3438
teightwo87nine83,3521
6jskjmxrttwo93four7,3588
dftzgsdc19threesevennine3twonevl,3599
zmpcgkonethree1cspnkkpjr9,3618
hmsfrjtxpgn9dqkr9dqvrtq4,3712
3eightmfggjleight,3750
qfglzvvrrtpfl4,3794
7eightonefpqq3,3867
tgtbsmpftwo4hvnvsixfrdqbvqbhspcczfhvqcslvfszvrtzbks,3893
twofivesix34nine,3922
dhlhkjcjsbgnxd6sgrdnzchtxtplltbqlk,3988
oneonegcndlfourdngmbgdeightsix2,4000
twotj9l8onetwoned,4021
jpz2fourjgrjzf44,4045
9fivesixmlqr8rxqpvpfzfive2nine,4144
6xkfkrfnine196,4210
four7gppqtzvbftzcbzt8nqq1nineqdlrff,4259
2threekxgcqjzt4qdbthmjx,4283
three61eightrnkckq,4321
9knfvqgmdsmdqlkfzl,4420
mxsqv6twojgmhpmlfq,4482
7fouronelngndbsmljbfzmsix,4558
fjm8fdpnlldlgvkqdcdcdjpxzdt,4646
7five2,4718
tsp9seven,4815
eight2hzpkpqrjgcrnxksix,4901
jfourcgjbpzbgdn61dzqbgthree,4944
7threefive,5019
1ncmzhqghthree3sixllvknhf,5035
one5six9,5054
krzkzmbccr1,5065
74mqnzmqnf6,5141
four9pfhjktmvxtwo,5183
6bl21bpx2,5245
4threefdpfqck,5288
jjksjbsjlgdonefour5,5303
2hbthreegfh1,5324
threegzbn1four4hbqkmtmoneightrhg,5362
fiveeightnine83,5415
3five49jvrhvmnjmmzlzmhpbpsfpn4,5449
3vvhshsixone3,5482
55three7svtlzzggkqjhjx,5539
fxdmnjsvpjbg69gcknlzgrqhqdsxvk3p,5602
eightfcnmbzl2jhlklgmlmsevenkjbgzhstwo,5684
6sevengdmtlfjmns63,5747
ktgqthreedfmrpdvnkfvs3jsgcvtdkh,5780
4seven1,5821
34onexkninex6pnldxrfs,5857
threenine3five9eightrvg9,5896
xqbnmtrlsjninenine57rpcsjpqfdcbd6,5992
216two,6014
xhrdmfcvjzt4sixfkjsvkfhtldfqckj,6060
2six8zeight1,6081
cmpklgjgf19twoqstfhphbxxtfdgj2,6093
lvgqnkqhltwo9r,6122
twosevenfive2rgfsgmzqjbnine,6151
7ddpjxmfschtqdgnjqc18one,6222
oneninefiveeight6,6238
qs4five5,6283
rpxbcff9vpmlvvrlonefourdnczqzjbvnine3,6376
7592r3qjtwothree,6449
sixtwoninegzrfp9hq6six9oneightp,6517
f8seven1dcrjqchxchfour8,6605
bnhmfmsbzbhfive1rfqqkzkptjnnxpone2jqhrfnvkfk,6657
qlhpvzdkcfsq84,6741
dfour5one,6782
hcvxnfm32kpzxkhvmvkjsevenllpjpgdhl,6819
dlhhnk2ctvxqmbmsc9five,6844
one7sevenninesix,6860
two4rkb5sixtx17,6887
28three7,6914
msixeightnqmtfmtftsix9,6983
zff8nineflfpz1six1,7064
vk9,7163
86ninelzskddf9784,7247
mrntnhjrvkjgmntone715ktgb7,7264
sevensixthreegkldpptbmteightsix2nfnljvkfkgc,7336
nineonenine3ssnjhkhdplvq3six,7432
jrdgsz8,7520
5nine6bglkndgfnineq,7579
nineone8seven5zhdd2eight,7677
17qjzvtwo,7689
4rncnvtp5ssznhncdnnzndr9,7738
6srf,7804
5two6xxkzdrbfsix,7860
five314sevenseven,7917
eightsix7lhfqone,7998
gdz3one,8029
6sdplqg,8095
rsnnm3twoqlxjjvzeightvxszxhmnck,8133
7onelvrtdktmcmrm55,8208
1eightzvcgfqgfh,8226
ssgrzpb6jntxrdhvmrkeight,8294
5oneninetwo,8346
gjktwopxxql4gxfourseven9,8375
four55sevenvglcrqsdt,8422
nsqrjfhs2eight,8450
seventhree5g9,8529
threehvmrmvglvvsix7pqxzfjvv,8566
cfgfmgg5vmqnnqrxdxone35,8621
two2fxsmdjmb,8643
rrlxrkjkxmfrbvxsevenrlllvclhvvfourlp4seven,8720
djdoneightthree82eight6five6,8736
two4threecdbgnmzvdd53oneeightkmx,8764
one5qdtnrpcmrnnsbeighttwotwoninegtpv,8783
86htqkfrkmone217,8870
onelqd5jvlbm4,8884
eightone3rpnkglzfcveight12one,8965
fourqfxndmpgbqrcpclbnn86hxsxqrrkjcgtgxbdxjdjlzcrhkp,9011
1one18tjcsjzpmzmpmstzmcn9,9030
threesevenpgt3,9063
four9sixthree1,9104
twoninethreesxxqgqlqmqxkmkl2qdrqpftwo,9126
seven678,9204
two29six958kqxq3,9227
dbpjzgdrhnsixfjvs9eightsjdgtckdtsjmhplkjeightwodd,9289
7fourninenine,9368
fourthreedlhf9rf,9417
mjkvfivekltmfourone2,9469
7twozrrtg498one,9540
4eightcxnx,9588
one62eightdktgeight2five,9603
bnpxcdxpzp4tklvsm,9647
d8sixninegrbx,9736
threefourfivetwo23,9769
nine3onemqtbrhlp8jqslv66ssjrkh,9865
1four9fournine2,9877
xfsl83two4,9961
65twonine,10030
1twofivevctxpfvr18,10048
819gc4six79,10137
27vtvmsix1phzrone2nine,10166
boneight1mskkndkgfive,10181
1xmpkmg3,10194
one8sixthree9zjtmqjjjtc1nine,10213
six36gqjctdsevenlnmmbr7dplrsdptwo,10275
8jjvgmffgxr5,10360
fivehgkc5,10415
2qmbvphfivexggrxljhj9qmjrzmrx8eight,10443
3rndntwoseven,10480
boneight6tworgxffournine,10499
htbvm1grtsgdgbl,10510
1hkndcqv,10521
32sl9six9,10560
894,10644
vrhxnstqqmflm6glgfnpfour,10708
5ninekrfivesix8,10766
5six5,10821
eightpdzjhvbgm5oneonetwothmnkflz,10903
vnfttnhcs892rmpvjvqvfftmzlkcrzthkbhfour2,10985
9twoeight,11083
73553bkzzhq,11156
fvxmvs47,11203
3bhmjpqvzs,11236
pcftqc671,11297
sixtwo8,11365
threesdhhzmxtzpsfgs286nmqpvrtkbktcblqqb,11401
7pmhlfcmdxthree11gxpncfqntjtwoone,11472
8fivel3sevenxqtpxjntbjbtxhxtqdfnfour,11556
6seven72zzseven,11623
seven9kcthreetwo2five7br,11700
kvkhl1fzvpseven,11717
5oneoneeighteight6,11773
lvfx6onefour,11837
ftjzq4,11881
slbgthc5xsxvplbskk,11936
64nkjjvrmsqzdone,11997
twoonelgcnrmrm52,12019
gnfmrdkzoneseven7twotxgsjsix1one,12030
1xlrpbbdbdgftkd,12041
8jmphpvclbf87two,12123
724threesixthreetwozsix,12199
bcxdnrd91cprdfcqfive,12294
zxjcgbhfr3,12327
scfklbckxjggbgz9txqnzf6,12423
1twohctsdfkgsdteight2,12435
7threethree,12508
jdj9,12607
99,12706
sixfzv24nine2bz,12768
onefour1frf79tcfjchqeight,12786
onethreenkgjgtpxfkmncvmsqs2bsqppgg,12798
fourfourtksqrmnmqfour351lrsnv,12839
6559hthdpeightkfive3,12902
sixone7,12969
eightoneeightjcsggnqthree5qqmp,13054
sixeightonegltz7,13121
three4plz3kls,13154
8sixmssvtthreeseventhreenskzq6,13240
tbzxjqxkspseven9dtbqvchseven8mbpznrrh1tdmqs,13311
1b7eight,13329
thk23eightfivekvzphvmsfour,13353
7cnlrjzvk66threefxzrtgrbvmbp,13426
bhvponeonefouronedcstbnl8,13444
eightninesix4fourbrpfp,13528
four29eight,13576
kqh5zkgqphzjvz,13631
4zvh,13675
fivesixnzbsvfjhj2,13727
rkrnbpsqjdthreez78mg,13765
eight4gzxfdjpnjnskzghlzfdmjhz,13849
seven8fourxzdmlcq1mnine7qbblrqtrsq,13926
gd369,13965
hgtqgfive8,14023
pcbgddgvvzpmone4onethreeoneonefive,14038
95nnjhmhrqgkkstwo66,14134
723sixone9threefiveone,14205
threekfvqsscfjr8,14243
3vzltxllq65jvthree,14276
4977d,14323
35pgnlsjjpbgseven33,14356
g25twonineeight,14384
three8eight3six,14420
8five8vjnzglnrbsbxmjqzfvrsoneightlpx,14508
3bksdkncgtmdrlvkgboneffkszhfive8,14546
five1hfh6,14602
fourfoursix2nine9t,14651
6onetkhqqonetwo,14713
26hdfljh8,14741
6onethreefvgnoneoneninefour1,14802
jghct6rzcbjsfivefourtsrbsjkgmtfive,14867
nine93eightxqknsqhrmjthree2,14959
fivenine44sixsixlxdkpm,15015
threeeight16jjhdkbhlninekvdvlpbq,15054
onethpbzthhlqxnlrmtwo8,15072
seveneight1eight,15150
5two8,15208
4four8vdpmqvf3onenmfg9,15257
eight9jtxgdzdrtwovznpmnqvnnlffsix,15343
456four,15387
9hxkq,15486
713kthreexfbdrtbx,15559
1five59,15578
1mxpmfive63,15591
sixfour1ffivezjj,15656
97eightthreecjnxblrnine,15755
kgqcxfzc4sixnineoneone3eight,15803
9fbklklqqsfourbfhmfmgnbtls3three,15896
xxjnbdxzeightjqvvd82kfchrthmgkfive,15981
zfdeightwokbq3seven,16068
6four696ninezfhrbg,16137
zrznfshdvlxcstqtghjnjvxq1dlklzghbh,16148
steightwoxfbfzlnzvlj7919four,16232
nine48oneeightseven89five,16327
ninesxtdnjkmg7rn32qdljqprj3,16420
five6xkcg1qmpkddfbsnlhzltlqqjr8,16478
99sgptmns4five,16573
2ninejdstk,16602
gvclfcg9,16701
n9lmv,16800
jrftwo3,16823
sxrxlnvdhr47dppck,16870
jvtwonesixlzdshrfjtzgqddsix7,16897
7peightoneeightwobsc,16969
three6txdjgqqmsdeightcxmljmmzxksseven,17006
fqpx9three96xrvjvjjnrhknsvfour,17100
9fournjmslzbmx34cnt,17194
f3twovfc,17226
shbtwone3kzdsdrxgr,17249
4five1tfhvd27,17296
rdccbvkr9gjsmxhfdzgvjcbkdmsdeightlvjkdgtdqmbvscvhpmdz,17394
pzsqhqthreetwo1qxfbhreight,17432
threeeightxonenineninepmjfgzsdhd1,17463
nine7sevenone,17554
hbsqqtlqcxkjjccmmpv5,17609
6nineltr5plmbgzfqbxninerxzbzrblmfsmjggvr,17678
5eightwolxp,17730
5cscpfqm,17785
four3nthbmbxfbvtrqqkfmltmtjh,17828
pvxtx89jp9onesevennbxmjlzmfk,17915
threetwoeightzcgkbv1,17946
7rxxfpgvl3eight8dmhkf,18024
nine6two,18116
tpnr21five1eight,18144
ktsx6threeseven,18211
8four31drvszglmv,18292
fgkmbcgsrjgs6eightfivefqqdksrndrtdbsxgmfgtggmrc,18357
sixnineninefzvthdq5tkzrhrgdqblzndmv,18422
7lfdrntqsm,18499
seven8dgxgqvgvmtdkhqsfkhtqcjpvqlfnine,18578
znltfour6twopsdmcthree,18621
oneeightvvvxxptmk4eight2n,18633
5six1jmmqtknpveight,18691
eightsixxxpbvqhpknz27mqxvf,18778
rbdchcmqhseightnine9,18867
944five8gxsjf98,18965
smdhcnbmone9,18984
one64six,19000
seven4fivesevenfournine,19079
fivetjt27qqxncqcone,19130
five49655onet5,19185
mlqgmhfgsix3two2,19247
jxdfkbvdgnjqznineh1rdqsv7,19344
fqdvcktwoeightsixsevenkkczb3,19367
3krndk27,19404
qjpmscfqf2gzgvzgksc,19426
5zs11fourqqzfour,19480
5h,19535
fourtjzxtgrtd2twokrkpfm,19577
fourgxprrlvmhgpggsmzbone7,19624
ldbprdzrqkgqkx23pjvgrc6,19650
ninevfh2seven4four,19744
23gfmpvvsrjr4vlntkxkeight,19772
sevensixonefivefour9two,19844
vmchfrmfntwo3sv1twoonenngblvmjsf9,19873
sqhzppseven79kzdppfnk8foureighttwo,19945
1ljltwo8xhszxqmtponethreesevendkx,19962
4fourfive,20007
5fpzhcd7pmbcxcrkp,20064
cdhqgkhfive61seven,20121
eightqtzrscqhr3,20204
brrftwothreethree1,20225
r145pbthqtvxd63,20238
ninebdnxdvchzf57oneightpp,20336
7one1three68,20414
five8nknine341msfflpnz,20465
sixxmsevennm6,20531
2n5cdvvtghfg2lmfrbjbvtwothreefour,20555
39one16,20591
l3two,20623
xsmtghfiveonesix6lkzfgq4threethree,20676
6onettqbfp,20737
nhxlqqp3vkcgsjgkgmjrpll,20770
xgbzrtkbthbfour7mptxqnbrkvhninetwo,20812
7foureight55cvpgsvsr,20887
3twonine,20926
gsqhbhfrzfour9twovjjbskdonegseven4,20970
2fourthreedcxrcmjmkprdsbone5one,20991
519955six,21047
two8fjgvtwo7vnttwo5qzlgxcfkz,21072
rvk4eightthree,21115
9six6,21211
clpxqfn3kcn3,21244
1pzbkzdn9sixxlq89tcnm,21263
nineninetwogtsjfour2twollrrllvk,21355
three5ql7hdjkxdbrcqsfouronekqhc,21386
ltgeightwothree5ccxbhssxrsbj,21471
42three3,21514
dkmm8eightnine4five,21599
vqmvzpb9tmmsfgscfive6mtjjbleightfour,21693
ms39zmtbptwofive,21728
4xxxkdxlhjjx,21772
6p,21838
threejfqfjhxp9txlrlrbczdxzpmrkz9sevensjlgstbpffhtb,21875
three2zqtrtpzvsffdkjsevencjmrdqthree6three,21908
two681,21929
fourlhcsspzf5fivezgzkclbrdrqdjcksfive8,21977
ss3,22010
znrzctdlgjpzszsixzssrfpcvhlbpg8spfxsgbctpttbxxxsc,22078
mjfsxjtthljlzzjlxspdsgsstltmlxf6,22144
48zvpktkpk3,22187
7khsdbtp43rgggnxf,22260
2ninedkttzmpqddsix,22286
xjcqvkcnbpbqsmclfnsdbnnine3eightfive,22381
7eight6,22457
eight8zqcdbzqfour3,22540
one8eight27,22557
ninemmheight3jdkktmthree,22650
oneeight3lbsrnqrn,22663
8ninefive71,22744
hd58sixtmdj,22800
fivesevenfourtwo4,22854
fivecdsvgkfgbntwo42,22906
593jxn,22959
sevenfxkvdxfjgskjhhphnjrgfhs8sixcnine2,23031
fourtwo2sixthreefive7rq4,23075
threesixdhlkvz3fvdslkbs3,23108
nine3fkrzbjbmjbsr,23201
nine7seven36,23297
sevenbnncfhrnzq52eight6lvfdmqhxkdqjl6,23373
zshsmpsmbzpnfthree1five72fivetwo,23405
threenine59seventkthreeflgkvtp,23438
nine9nine6,23534
8five4foursix4,23618
jnz1m3fmzzgt9kbtpr,23637
81btdvrcspvfour,23721
three1smvpjdnhveight1sevenfour5rqkqvq,23756
49fiveeightonefive,23801
2xmdtnineczgbqmhfivef1six,23827
638nine,23896
eightsix6twooneseven,23983
jgtwone6gzchdrkts,24009
93tsrvf48,24107
1qkrdfhpseightninelddrnffp2gc,24119
nqvkkprztqsqfk74threeseven5six,24195
14two,24207
dmhnlgxqpjxxvpshqt2sevenplzbgvsz6,24233
bffour72,24275
zgkgvone8bxsnnlninegmjtnsqtdp,24294
19oneninezm88blmdhbcrns,24312
2fivessqk1fonevghgnz,24333
ddszqsldhxpsbprdbqkmhs6ztkbzbkm8cddpqm2,24395
7eight5xhdtpfive6mbf,24471
qxcnnmdt5vctqqhmvrmqblsixfour72,24523
6onetworpstxdq3tvrcmssmkfhbr,24586
7twoeight1,24657
64two3sixsixckbkshnkjmtwo,24719
7csixonegdbrvreight,24797
bfdptjcjdq4five7sevenfdhhqhseveneight,24845
8one8dzbninethrmdldmpn,24934
three7xghxhr1threerqfxseven,24971
two9xrhvzkgcck3vfour,24995
5lvtrgmpttk3fourfour,25049
five581cjndb,25100
3clp81dhzcbzxc,25131
threesixsixbtst27,25168
fivesixnines146,25224
gppzks5cqggtq,25279
4rgdzsnqlcxone8vninegkgqh5fcbsfl,25324
jfpdpfcccrjpcfive2threeseven,25381
ninefoursix6sixtwooneone7,25478
twothree3njhxgc5rhntgnckg,25503
3twopvtmvrcrnr238,25541
k4mgzqbnkrthreeseven9,25590
bzkoneight2jxllsevennmhxpgbdkfive,25605
886svgcltdl222,25687
sevenqjgkjdfrrskhklvrg9fourtwofive,25762
cdsfdkdsvtcjhzdpqdgtwo454five,25787
lmksxbv8foureightbxskfblhllsdrxfs4v6,25873
49sixfour9nine15two,25915
75mtcmthreelvmsksnine9,25994
foureight849zgl69,26043
92eight6ninezjfive,26138
8onejsfvnjktqksixlfnxqrjmdvt8vhttwo,26220
48three,26263
onesixcksvcdeight3tr,26276
hvxqb1fourseven4,26290
four755grdsixthree,26333
seventwokzpljzth6mzkvsdbgldfbdc,26409
ninexjgzkcxl3sevenfive,26504
949klmgj3,26597
53threethree,26650
lzczjzsftmcmclqqbrgjftfhxz3,26683
9rpzfnrseven3tsqxxgtrsq,26776
fcndgzmtsj86psclvsdvggbhfhd8five,26861
qxkd2lxzhhcjlxonel48ndktqt4,26885
2five5twovplrbfxfjzvmdvjs96,26911
4drtzsix5phvgbqjsknnine9fk,26960
btmdjvnkrqxvjzchkkdpqcnldljs7eight6znfphg,27036
xtrjonefour8threexksbbvkxmkthree,27049
sixhtxkz7pnfzsnpnxnine79,27118
eight5826,27204
hrxqbqq5sixkrdjszbblnpdhfour,27258
xlcmcgprrp2,27280
seven4vfm3,27353
bztngjjhfivethreenineeight5,27408
oneonedvgbrpgqrnh77,27425
jfnphpvcggfour5zoneeighttjxhcqhsml,27473
796fcone4,27547
7fivetrmdsb,27622
2fiveseven,27649
fmtdrcczngfivefour6fiveqbkn,27704
eight25lxjdzkrrqj,27789
fiveninefour373,27842
fournr2kzbls1tghseven,27889
3nlmhvbninenine1fourpppthree1,27920
j4fourtwo8,27968
one2f1oneightc,27986
8g2six8,28074
nineqzlsxdktwokdhsevenpkqqhjb4jz,28168
cqsnztq6hjvkcnpxhmplfxfv,28234
6svktmthzeight1nfxldggeightqfmhhzzsdthreesix,28300
five7six9,28359
thlhmgvvrmqv9,28458
fourpvksthrjlxxdddseighteight55,28503
qsccghmztwosevengcrfqnzzmrhbgrxlrsxqxtmthbv7three1,28524
onetwoj19eight1,28535
8xgtltlrbnscvtone5nine4,28619
ftx5,28674
knsvnknplxrgtnrlqcl5,28729
nflmxkm2dznjhp7three8,28757
five2tttpdfnmdx3fdrtmxzqx38three,28810
two3onegkj,28831
47fivekd,28876
six9one5nine,28945
l3onegpj8threekkgdkfzscrrx,28978
four4ninekfndgvhrrbfzpzrnvpzlxss2l,29020
ltgsxcrgzqrfpkkb3oneeightfive91knzsppbbx,29051
sevenvplfzkncmzninenine1,29122
sixhjjsxgrkgstwoeight1knhgsmscrnpcsone4,29186
1jbm89two63two,29198
onedmpxhvvcjssixeightkpvdmzjltwo3eight,29216
fivevjjtfeight6nine6,29272
thffrjkhsixsix1one7one,29333
dbpvngh3eighteight86foursix,29369
pppcpjmbmhsvhjmkfour2onedlnrg,29410
2onev8,29438
55gpvxsvsnpfrpmn,29493
lfsmfbone58,29511
tv48threetf3,29554
8threeonefour71,29635
ghfslsb73dtlgjnj,29708
565twofive7,29765
sixljhfccjg5eighthpskg,29833
5four2four988rd,29891
xtgtb99,29990
kkzfxjszrfjvqllzlhzsninehzbfbvnhtzjf2,30082
165,30097
3jtklkpsfxpxlrgltwojxcpqjdsfbs,30129
three7vknxbtthree,30162
7fourfourfive,30237
sevengseven71nklkzdeightsevenfive,30312
eight37one,30393
onenine2,30405
8nine9vkxxhnm6threethree,30488
7one96fivesix,30564
58bjnfhjxsm146six2mzv,30616
99jdqbtb5seven,30713
8mqztm7bdjh4,30797
6ninevninenvxflxvgg,30866
k2twonek,30887
gzmtwokrk9ptrsixfjbktjc9,30916
8fivesix,31002
onesqqkvdtrs5vrsbgnvkjseven,31019
bnbxpqhqxthree79,31058
nine5l96ninesixqhtxpkzb6,31154
sevenfive8tklnkqtwo6three,31227
qb2onenldzvsixdjmjzdfourqgjsssr,31251
thqmrjnjg3dbnksktvk,31284
318,31322
three71blglscfrzql3six,31358
9nine6nine4,31452
sfive1seven1m,31503
five3dj16,31559
5ninetwotwo8srrvkx3,31612
spcsttljpl7,31689
6rslsdkfs4834,31753
dshfour8knjplkghpfpzcszqsix1,31794
ninephtlxnnl8hzn,31892
bmr5,31947
tm4czfdfbhps,31991
sevenseven4three9sixtsmg,32067
sevenprdqm1six47cnbskdfivethree,32140
7one6gzfdvfvfourtwoninelbndhdkqeight,32218
jzxczvgjgxdfrzn2nineseven,32245
zpcspqvhbfxlcgt1onesevenqktvgjhm,32262
bmzdhnljms4nkjzhkrtfzngbn,32306
nine6mjfbftpcfh4five9eight,32404
qrvsldss4nine4,32448
lffkvnhbpbtnxzncjs4,32492
76ckghqnbsnlnjftwo72,32564
7jrqrkdksixsixtwonett,32635
3xc,32668
mzveightwofive2onesix7five2,32750
74five6mrqx464,32824
qtwoqlrkvlmpqfjvm8onetwo,32846
41bchstnlzkntwonineseven1pskh,32887
twoonejtjph15three,32910
fzmkkgdq6,32976
21one,32997
eight59fivenine,33086
jbfmfbseightmzlknl84,33170
four4rlzplmmmcplfour4mllmtxx1,33211
q349j,33250
6dbpqgttninepx623bpbhsnxcmg,33313
52hvsvpk,33365
8fivesevengzz,33452
3fourfnfldsxngrknxnvts,33486
18s,33504
three2561b1onethree,33537
zlppzxzzsixtwo4hksclkzhtkdsldfgjhtfhxcdsmdbr,33601
26eight65five9threeeight,33629
seven178,33707
fvljxzhdln11eight,33725
49four6fourqmspqkbphjzvgzgbvrbmjfsm,33769
onelnmplhjtjtfivesqzn7qmcpchjtxfcc,33786
hd8,33874
9pnneight,33972
five1qgdzkj9eight,34030
rfhbnhbkzteightfivesixtwo3,34113
bczljcceight2,34195
145sevenhmfive,34210
8lbgkvdxlccgzzvvttcfgmthreehhmqfivexcdhdd,34295
6bqxzzzgpdk48,34363
twobcxchbfour5m2two1seven,34390
twotwotwo6513fg,34413
48one6tmjxclchtnpltmjkpmmm,34459
vhkcklgdhk9xmvtbktdvjmhjtwoned,34550
eightfourfour9one7,34637
fourqhgjdpr4p3sevennine,34686
vlctnqfour4724,34730
9spbtvbsh7scvvx7hvbxlh,34827
eightone1ccdhppbsninejfktrxst,34916
448fourhjk3r3mhstwones,34957
hbgfourtkvg87sixlcvtjz,35003
fivesphnkzrn5threeninefive27five,35058
92two95seven5,35153
twosix84zjqtp,35177
9bxppvsjgdmbqvkstrqdsixtwofourfour,35271
fourfive3sixnine9gmrdhfhkjtrnbl8,35319
gxcdvsjxgll46mrrdfpdkdl,35365
4foursevenzklvhrdvpj,35412
seven1rz24rfmnjxjkthreenfvjdsjtgqkd,35485
2xbfivelpfhvhsttgjqfsqkffctppeight,35513
6vxfjbssixfkjqsdh83xgzdmtntgm,35576
5four98two,35628
xdk6,35694
ptxtvnlpxbpkxptbhxheightfour7,35781
6four5sqgfour,35845
eight8rbngtqpvninelzhffxpmtwoonefourfour,35929
three1eight2,35961
1two8nine,35980
9eight82,36072
5fourshdfivefpfd3,36125
two667dsmv3lvhszg4,36149
kcxpmrv99threeone,36240
seven7five3ninerhjbmtfbzsevenfive,36315
4four1threegvxkdsfour,36359
qdqrgf6fourfour46,36425
7nlztdphcjdnqm4zddjhfreight,36503
sixthree62,36565
vs86four,36649
sssbdgzsjnlftms8,36737
3ninethree45twofsfsvtnl3three,36770
four7zcfjtngsninethreeninethree,36813
gcjxkcnsevenfivefourhrxzvxftnine4sixzm,36889
thsdcone23bvrfour71five,36904
fiveeight5fourrlhjtmrtwo36,36960
61lxhrpfvbqkd,37021
55three5seven1,37072
sixsix9,37141
gklpxzmcmnnbhsgeight63,37224
fourninelxm5cpkqvbpbsvjndn4,37268
hcjghqfssevenxzdljnvqsix1sjvrhxxhxthreesix,37344
rtfttcqmxszrsixtwo37scglpjfjt5,37409
eighthvbsldnhfzxr7eightsrmqhsgonebx,37490
zcvqxjn1vdddlsevenninefourninethree,37503
qr7three3two4tdrqd,37577
qbjttlfsrrrhrmkhpvgc7zkone,37648
6fiveseven7ndfhzxzrrf,37715
fkxhpzb568eightspdxfngrp82,37767
seven4sixtwo,37839
nineddhgjn4,37933
37chjlxcbbjrjghzjdsix4threeone,37964
jhngdhntvfmcbjjvlgx979,38063
9thpnx12835one,38154
onesixfzjgpfourseven1nine2jrxjp,38166
5rzvhjqnlvnt1lone,38217
9dmftktf9,38316
eight5eight,38404
grkfgrhnkjm9,38503
23ksknkqrdthreecvg2rbxkkhlqttfivefive,38528
3foureightshnff5six72,38560
19ninethreebcgxkmjqhgpmfx3,38573
28rdsm5fiveeightthree,38596
dmgpjdzfl1two819,38615
pbrvnfpftb3vptbqncmqszbbctnj363,38648
fzdc29331,38669
bnkjk9m289rxgqn,38768
fivenine4seven6plsczmxr4,38822
fourmxrltjgdleight1three,38865
nvjxvpgtplgszgbeightcccxxjhbsfqdrj7,38952
5stjbvxglkdrbp6kllbbnptdfzl,39008
dmtpxndvvrbksfournine5one6,39054
vnlhxcssevenjlfgfournine69hmnddrthree,39127
blchmddjmktwo4fxsqlpfn69xhbpblrlmone,39148
17qdxzqlpllfourszcpxmtcxhrqzqqhm45,39163
fchdhsjzt6two9,39232
srs3vcq7three,39265
twotwofour4seven,39292
three4six8lsdg1,39323
1fdvdhxrxmmvzonehmkzspfdlrdvlnfzfive9,39342
7threeone,39413
96ninegjcxpstqhxbdzfsrczm2,39505
xthree19,39544
bgptbh73sixfour,39618
eight82,39700
sevenb3sixthree9zjflmmdjfour,39774
kcninefour2ninetzqgrztwojq,39866
eightfourhfqttttxteight5,39951
zghnvzdpfivevvgfjzfzvcbvccmtwo5tkzj7,40008
33qxzctgqsvxnine9,40047
6onejdndbcjsseven,40114
294xqcrnine3844,40138
two6ssqvnvm889,40167
rzfbhbr15jpnfqmzthreepnine41,40178
eightjlltprrrtv63twoptg4,40262
threetwolzdbgcpkm3seven1five,40297
mcbjrtbtbp7twoseven7vdttjvmxbxkfmgmvhrs,40374
three5hfivesevenqrc6sbst,40410
eightdvvtsvmfqeightfz5six,40496
kklpnghzsfv88two86eightplfgjz,40584
bcgntz6gqxbxxtnnonegqlz4fivexmjxqf,40649
mvbgjpsmhntf7mmshslgvv17thlknqfivel,40724
fourmjflcbtwo7fivetdntjstntv8,40772
89fctlsxz8eight,40860
1twosix57sevenfive,40875
3ninefivencdgmlqxlnine96,40911
twofoursevensixeightpmpfpfljqtnm9six,40937
5hqnxvlmnh1bxxhnpkjhgzxlhgffv,40988
nine9fourtwo8tzseven,41085
grcfkddgseven55g,41160
seven8nineeight4one7lnntwonebc,41231
one1ktgggr,41242
76eighttwoqzfnllqnkq,41314
cgjkzlksl1823749,41333
9twonvhlhrlxnine7eight,41431
qtzmndkrqqcpmjcxz98kklrtjgbbnzglstnnlnqksrgkzz,41529
cqxknrmb5cfhfgpk,41584
9lhrnlqrnninethree,41677
ftlpbv55nine,41736
2nine5tfqhqtwo,41758
mqcfgssixtwofour6cvncgmxnlq,41824
946eight84kvflb,41918
h1nineglvgmh9txxg8,41936
lxqqqdfive5mcgrjkxmlzdqbkldjqkhlxnbg,41991
jjkvdzzkpxqp1three59dqthvgkfmfjvlvnrtlzlmqvcspjfc,42010
sixfoursix87oneoneseven,42077
1ptrtgd6,42093
5threeeightqqjrmchfoureight,42151
one42mdmfkrzln5ck8qxbfqf,42169
seven819ninejzrddsevensix,42245
vfpeight4pngqpbvsbz,42329
threesixseven1,42360
7twoonetwo9eight88slpctv,42438
fqfsixtwofpm14seven,42505
6xcdvsftlsrsrgseven5seven,42572
mhmgzdgrc6lnnzv6pnr4stxnmrreightblzp,42640
9glsqqcrttdgsdqkfour,42734
82two,42816
ftqzqnlddctlxmb3rdlg,42849
sevencxbpxvznqmjqgglfccqkvjqmjbpthreenineeightnhszbvnff7,42926
twosixplgdjplfthree9kvhvnzzqzk,42955
1pfvkfblrmz,42966
2n,42988
threeeighteighttwo7qmlnjx,43025
6sevendhc6,43091
nineklzvllx3fivesix,43187
2nrrx5fourfcljkdhpk,43211
eightone9eight,43299
gqhsmccbpjc46twooneighttbv,43347
sixtwo2bxpdqfour5fivexkjxzb8,43415
six4nineggtqsxjd16mhgpjflprmsix,43481
tndgkrpmfour1foursevensflkzt,43528
bpxtdkrcr5nsevendltgfgkzxdtbxsghkkninesixone,43579
one22threefivetwo,43591
lzq7fzbqsd49,43670
cgthgcsix1,43731
389seven,43768
cmgctmtwo8eight,43796
2qvrbrnvp559,43825
eightjpkjnpgplseven7oneightdv,43913
cdzoneightsevensixeightmfjsevenk2eightfour,43927
2sgtftmrrlfhgqxdmhtfqncslmnlvdhnjpdtpg45,43952
fiveone1,44003
ps2threeeight9hvmjrc3,44026
pdsr2xphzmmztnqxpzq,44048
nineeight7ninevhlksv,44147
jjbsm55fscpfpklq1sixseven,44204
fivefive1nkpzcxrxbfour,44258
fivesixdkxvbtzvtlsevensix3fivekh,44313
twovrzxlmnxnhonedpdmvn9,44342
hmqccxh6,44408
five6nine8vcbzzqrvn29,44467
5nfmfthree4nthreenine5four,44521
kpsbqshc21dzrpktfseven,44548
cdfsszrtpnsfhgsix9bzqjdltbtzjsz,44617
twofive4eighttxjxoneeightninet,44646
six4tppbxfiveblktrzgdvks1,44707
eightzmvmdbbfnft2,44789
7npgl9vvtdl2,44861
3twoone,44892
seventhree6skl,44968
onepdfjql18nine631,44979
jpjtvxck3sncsvnsix112,45011
njrkcgznhvfour1,45052
gfmtkdr2pvvlnh9one2qgvmxfm,45074
4jfxzmcdonep,45115
one9threenine,45134
544,45188
one5sevenzhmljdbfb8pncqtdkch,45206
nine72eightxvjtrbzpzvcqvlone,45297
sixfive8hpnvvjzld4,45361
24f8,45389
6bqtwothreectlcqkkzfiveppvbgbvspncldjhb,45454
ljmrlhxvsone1qdsfhqqqlljd6seven2one,45465
mfksxgxhrqxbtg73r1eight,45543
ztwogdpcgllnpp516ztdkj,45569
two8fivefourbs5jlzfnleightwoqvk,45591
seven5qnrvpqtrvlt4,45665
ninedbnd8mrchlnineqhhqjnznts,45764
onethreezmhshprm2jb98three,45777
3sixfivesix,45813
two6dfgpzqrhzp8z368,45841
twoonesixfscgflrlkmbtmv5893,45864
fiveninegkfbgczqjhnine7g,45921
rbvknineflmkl4btbqbkpsd1eight4,46015
39324,46049
sjrgxtxppvxsseveneight4fourkdcdsmfhnnqjpbtxg,46123
6threevcgjmclnhcfxvvbncnhjkmmsqqhqffivetwo4,46187
foursix1four,46231
zbztwoxptgdffourgzgzzhhmhg78ljlchqh,46259
dcpbt25vcdf3three611,46280
v58dtgrpl,46338
rntgtrrc67mdlfxzgkvjjpqtfournineninefour,46402
lpcts8vjznknlj,46490
bpmv3,46523
5z,46578
zmsevenbnckdjhpbsvglrfsskcsevenfour2nine,46657
6threesevenprcjlk5644,46721
nineczcd6922,46813
2vksfctzbjz,46835
kz93,46928
twopfhlqplngsj6z13four,46952
8nm3sevenxqzj,47039
cjgoneightthree5kmpndvrmkljeight6sflmeight,47057
three3b3seven55xgrrkssnzsghd,47092
5lvxlnpc24fbrbtg5,47147
7qgmhfnine,47226
sixpbvfjzkdsqdpsthreekj91nine,47295
sbmxhcxonefggt4f95oneseven,47312
onemgkvjpgfdjmhcsxsmlfjgzqqrftgxgx2jdmbvbfdf4,47326
bvzcskfrlg8jseight,47414
hzltjqmxjt98eightfseven,47511
2seven7vbfm44four,47535
3bvfnine,47574
4mqprdhhrdqz,47618
twothree2,47640
seven3threeeightsllttbrdcthree,47713
gmpxgkvv4four,47757
vntmvnd4two,47799
fqhvkqrxdtwo1threeqrmg5,47824
5f,47879
fivenscdbpvlz1,47930
vzdcg921fivelplfsbdccrsdsq,48025
sixnine2rnrdqkfpmdfives2,48087
5seveneight4sr9gffive,48142
hknjrm5eight34nine,48201
7965,48276
2t34two73xlfzpd,48299
626,48365
1kdfnbjgtshsonenine1eight1kzp,48376
two8mxrlgchctdtflkknonezstpfgxsdx28,48404
sixfdjgvfm1sevengg656vqcql,48470
threesevenbjcfxlbml8lhxjmzgspfour,48504
4phlqzbhvk5four,48548
1lkccpmxmlxlqrxzz8lkmbpmdncgpzsxgqdcb,48566
klqcnhjvone75,48581
5two7,48638
2ninecgrltzpgzpfourfour47seven,48665
threeoneeight758threegtwo,48697
54j,48751
seven9lqbfgrsthreefivefour,48825
six7kjm2fzcrdeightfour84,48889
four198766,48935
six3mfgmcrmlnine6lhddlhgl9,49004
rkpksqvfiverxvbseven7,49061
734six,49137
five5one9qd4bkgfdjgtxzlxfjr,49191
17eightsmjzbgdbd2nine,49210
eightqnthjhlnfive7nddfjcxq,49297
fourxkn6two6three5,49342
twoseven2,49364
eightrbhdkpxpbsvmfivethreetwox4f,49448
4bpgpdngvnineh,49497
lvpxjhgkz77pthnktwomvonekjvkkbr,49568
gqpcqlzfive2threejfknlchf,49621
zgjslb74two,49693
sixhxmt4,49757
4bcqxrcf,49801
onesix59jktnrtlone9one,49812
9seven1msixkhxbkgbnqkpfjrr,49908
four1lhslrtdrnxxsmptbjjgj5,49953
eightcvbzqczt9ninegxlpsevenfour,50037
threenine2foursixtwo2bldhzmsdvj,50069
two8dmzmbnkjqfdqtmzxndrsnkrvdnl,50097
9lqtcrvkvhdkmbfivenine6tkqh,50193
foureightjdpqhldvzeight17vbkmjvfs,50240
vkzvsphbltfxjfxxsl9,50339
shdgdlft27,50366
87twopsix7eightwoj,50448
57threeone,50499
pshspdc9fourone5eight79sxrjkcmcb,50598
sevenhmzvvbpdktxxjrlvntx1,50669
ninethreendlnnine9,50768
nine2tkmkrpccone,50859
7sixsixvdv,50935
vpktkldsjcpsxjztmthree3onefdbcxkrvhcm,50966
9lqmbltfoursnsbrqn22sdnrpxfsjfour,51060
five8mgctnvstcone24fcfbcqtknjmddknkzeightwod,51112
8xfbqxtwonmjthm24twofivelckrr,51197
xhnldpddxcjnm5twoddtqkqd,51249
sevensixdrcvgfxqpmvrtmgqdjqvclgnqjsfhnbbs3jvxnmjqcbtshp,51322
mfour1zcpnpfcdeight,51370
6twofour,51434
r1seven7tdjgxshntl,51451
eight5sixh,51537
xntwonetwofqpxsgshnbhjcsrld75fourfjbllqscg,51561
three3vbvqklcp7pfkngtnineslmrlq,51600
7six3onenmttntsfq3,51673
fivefive1seveneight,51731
p2rpjkcpcsix75fivednd,51756
ninekkzpsone167hnqlhvmtbffive,51851
2qmtbkslqgjkrqhnine3eightonefour,51875
2nlfivefive6,51901
xjvbkbtdqhgvsseven719fiveseven,51978
prbtnineqdvknxkblzgj7,52075
lkgvhtfreightninegtfrmqhd4njvsgdrhdqfxrjrcvvcz4zs,52159
25four24dhqqkpbprx,52183
29two,52205
7xsbfsfivexrrxhthree,52278
fivesrnvbdtnqnfourninelctfnxkbtv6eight,52336
9kkpzgthree1stb,52427
sevenhzxdbbb81one,52498
2jszvqhv,52520
zkvq25sj2,52542
hxxfg4kqjbjpjczzddrx9spkgdcvcsvmblvfxxcn,52591
486l2clmtcgfive47,52638
dfhkfnfour76,52684
52hnpcc,52736
kmktwonejdpgch9tthree,52759
x6bkqrlhhcm96,52825
tf7kndclhgjsoneoneightxcx,52903
mdzmsfkl5pnine8,52961
ghzv2three,52984
vctrqxfsxhtblghfchthzhninefk3eightqjjjjg,53082
three2jmvkmfour,53116
rlkbtjpnlctsxpfp521rxbjdfsixhvp1,53167
7vxlkff32mdfsqrmbnmtwotwo2nine,53246
gl6seven35two1,53307
two2rjtvndrzvthreethree,53330
tjpxszlthree54hsftvc,53364
jsthree48,53402
seven6fourtwotwo,53474
threetpnh5ninernztgb,53513
18pvqllhjf5eight9vldjjqcjfmlhnddone,53524
two9nine6hgbprcpxvmntdjkfivetwonept,53545
7four8eightktlhdpmptone,53616
rrzbgtfrrqkspsix3rkpzddzrbcrzvxzstjbqhmqq,53679
84qxbnxdpqppjfiveeightfive,53764
n6two1brpjhf,53825
plmkvpjbqr1,53836
sixsixqbksfrndvg42hclgpgfggpxmts9,53905
1htlmmvbnsix,53921
dleightwolvbvmsggs9njseven5fivethreenine,54010
eight6kxqqdnqp,54096
5eightgdvgthfiveshthreesixfive,54151
6seventntzffjkkvvhtgtwoonethreefivekzvptvxfjg,54216
three6blrfsgdqsxgkbqj3,54249
eight1eighteight8,54337
8four419eighteight1bpv,54418