twovgtprdzcjjzkq3ffsbcblnpq,23
two8sixbmrmqzrrb1seven,27
9964pfxmmr474,94
46one,41
7fvfourgkfkkbloneeightdrfscspgkdrmzzt1,71
15two6six,16
htxxfmfd7nb,77
sixfivesixeight4pfsgxvn9sfjfk5,65
pmjjpggvhkrq2,22
tvbrkhlxdsnine65,95
four5gkrptqninenbdvffour1z,41
foursgnlxmjtcrrfour7,47
3onetwogkhmllzvrsqzhhnkvdg,32
nineninegxknqzpsix28,98
1seven85189mv,19
gtwonejcncdlhpsxjrxnmpvfgtdrcdtd2nm,22
1ninemxzntjptl,19
qcmqfour2onesgplvgzkdltqtvzhtb1,41
seventhreerxqvgkzqhfxfdhnp628zxtbjklkpdtwo,72
fjdsgcsqppzdthreefour3one3lvmpm,33
sixsevenfivefourxf4mzhmkztwonepzt,61
nineninesixskjkbhx6nineoneightj,98
four6nzqxhhnrg,46
86fiveone9dhrkkh6,86
8ninetvnsrcsbpn,89
two43one,21
8vfvbrnclnmthree8onetwoeightthree,83
one2czxjgbzsn46ktj8twones,11
qfnlfivemqninextzppkfkb8,58
ntvcmxsevengxdtc3five,75
8lsfkbbxkscc,88
seven5817smvjfpdktwo6mdfngz,76
92hqxbchfpnine,99
tvxbltz53oneninethreeonek9,59
hvvjhd1,11
six1six7sevensixqcvhsfour7,67
seventwo2,72
2svpbhrlhfjhbkf3fourvvspkfmbvztmtpcxndfnine9,29
fivefour42,52
sixvstzdtfive3qzmbbx,63
rfcxmthzlgxgrmjncszdvlnp6,66
lhlncfjlhrqrfzr1,11
cqnkmtfj5,55
tctfngvrxljlt53pntbcfrftjpjvzqbqxh,53
6fgcdfive,65
4834sevenvssix1eight,48
rpxcthbpmhgrcxk4,44
threecthhnine781,31
pppqkscmthreeseven1sixfive,35
2tgrmvxpthree6,26
7ckxjmlpkqqqjtfiveeightbmmdoneighttnv,78
six2two,62
lsshzhtdfour24,44
mrjjgzsb92fivetwoxh3,93
5fourcqhk3two85fiveeight,58
lsxpkxfmq97one,91
b87twosshtxkkplq5zkrrqcmfn,85
threeqsnd64hthreeldbtfkqpbqpdlmtwo,32
eight2one,81
14r,14
71fourzrmsevenseven9,79
threesixmmcjzzml4,34
stnmbsix41,61
cztnnflpcl4txplfour,44
five6six4kxv,54
5oneqmmbnvgvbq6vsncbrjrsix7eightpzkhvrjz,58
kflckfgxfeightlr37fourfiveseven,87
9three7three,93
rkxbqnine7onevvqgzcvvjthreendkddfournine,99
fzzfstwo44vm,24
19648,18
7fivesixhdxhlgmv9,79
six9hzlctfiveonefour,64
66eightthree4nine,69
jcgk8three,83
tbctwonefive2eightsixbntmjceight,28
ninemrqkzsevengvq6,96
rsmmpmrlmq92fourfour453four,94
6eightbmjhnpbgnccfninefonenineglkfgp,69
8onefive7kn,87
eightrgzfdksevenftbvkt455oneightnl,88
3vxtwogxpdhjmqskjc,32
shzvnlgvvvthreenkv14eightbcmjd,38
2sevenlbq,27
1zfjpz1mdfourstvj7zpfxxlqf,17
twogm22trvplbsk29rbjtvctqr,29
twoqpgcbskdgh2tktbbpnzll7twoxljpdhthree,23
5nineeight6,56
936,96
218ptffour,24
1clztnnsix1,11
bsevengsxbpjmbg5eight,78
1cpeighteightpb,18
vrlnveight2twopxmtwo,82
fgrjr8six,86
5sevenspppgjtxbtqlzt,57
5sixczhncsix2qcqsevenfive4,54
kgcdpqclsggzm79nine,79
eighteightone6sevensixthree,83
92eight7plhftxkntl1two,92
5dqrhhqrrgmvrqznbgx4three3,53
twoone953cdkm5stzdbdh,25
heightwothreennzljtptwo94,84
6sevensevenfoursix5nine,69
cnbslkngtk9five58xpqvgjpqrnpjnzbk,98
onebrcg1bnfivekftnzpclqxvhchloneightzrn,18
four855dpknm,45
4hkdseventggkffhrkvsixcrsqjsix9,49
8seventwo,82
two9sixthree9cdrmqntmcv,29
525tg4h,54
five7kxrlmq1bzhdmhtgglmvzrtfbqqd3,53
bnbbsbhlcbktsqlpq69ninesfxhq,69
gndxnlmnrmnk29qkfxfoursnnbvjtq,24
5bzppjrgcpk,55
2three79pmgtcgmtdf2fjh,22
sixmmpbmtznseven62,62
4rrm,44
ztlthreesix28ninesix,36
j7fourfourfbrlxplk,74
zjhrqtqsix1,61
4three6hhndrlszfrgphcbonenxfive,45
jmg8hfsxfsvdxz3four7jfbczjmdhbpn,87
39ptfzqjfpnpxrnf7eight,38
three6jrcrgpfxg8vxgk8,38
57kvbczxn5eightfour,54
8xbdbrbpjp,88
sixtrhhl2tktvvmkffl5,65
three6fgsjtmnine54sm5k,35
ninenine3stfpft2nine,99
one61onenrhmtwos,12
pzdq8,88
pltd9sjdkrscxr25,95
dzsldkmzd1,11
vlvpfmz24sevenshcrvx389one,21
1rfvlnmfkdbmdjj,11
sixbzzbftqggn8zggtbcd,68
hzxzjhkvd5twofivedxfdlrdeighttwo,52
six9nlgcdznskrsb,69
sixrxkfhvsjxzbt4fivenineninenine,69
dsbmqpgmf8nine634two,82
fourknfzpthpf1,41
two9twovbmldd,22
5zgnnrxtwo2two2,52
fivezfvzfdxkmrbvtpdhqbmdhcthreedvlstmq28,58
ppfqqq75seven954,74
sgtjpsix3,63
twospnc9cnchkzthreegj,23
3eightwoqs,32
goneightghmkgksqfk2two2six,16
sixthree6bjzpqlsbgq2rkbffxtmprpddkxv,62
rkv43,43
bzfnbq8onefourthree4,84
3mqvr,33
fiveninefflpllcqzonejqqbtwofive43,53
tvoneightfour3three5,15
mvhlv6bzbjggrsvvxh4dfcpmrnhnq4,64
fcrsmfmpnmkfs3fivekblglhqmvfourchc7,37
svfmfbdrgd81one4,84
mf7threetwo8nine1,71
qngfr4gnnxbszqzsixp,46
px5gfx7two5seven9,59
4gp,44
8lxkgvpzxch6,86
3mdgqrvtgnthqnhpxteightfour,34
onethree899btbpjnxxjhone,11
fnjdzx5vrzc,55
four5twofour,44
9fivetwo2,92
threezlpsdhxvdlfpsvkxxnnine3,33
hvnnq9two2fourpdjv,94
bvjkdg9four1,91
2412,22
threethreeszmhdndctj1eight8lcqtwo3,33
cdnmjmxqrz6vrkkxtfour8cc,68
njldrqggdnfsix5,65
9csxcksh6three697,97
92four2sr32,92
3jdpqdjjct44oneone75pjgkgv,35
576sreighttwosixxzqmj7,57
twoscdxdlfddmfive54,24
ninefiveznine33,93
threenffnvx3,33
916tpsgsxmtml8,98
6five3,63
fdztvpctnr5dmbjnrjslr,55
16four,14
4oneightk,48
three5fouronenm,31
threezrksvlbdb891zfbbcdrbpd7,37
five821ndfftdbmbr3nine,59
ninehvdxftmgcvnkrlrvmmbb4nine,99
xkkzphgfv1two,12
3pm,33
ninetwobtjxdvnhv12,92
fiverbkmfbx8fiveeightksjzphkrj23rdlrtnb,53
kseightwo2fivesix,86
5snpchthree3,53
71oneone,71
6frxncksfxboneftdpvmnfdfxreighthrmnqc8,68
two48mhgdtlp246four3,23
993three8,98
threenine7twohbmcrpd,32
9bpdccqbts,99
kptwonejntgcdqdfffour4twobvtxnhqkl7,27
1637sevenfour,14
soneight6lbcrzdmhltpbkbjfivechxzfrqqgfeight,18
99five3hjvjrdmgl,93
qncqlreighthkfmbbfqx87five3,83
7jqkdsfour,74
ninemmvcxlkcrg1,91
mkdhgzcvmseven3onesnkhtxbgf7threestvjqn,73
nttgqsmsl4five1eighttwo9zg,49
one2ninefour5,15
bdfbveightseven1lcrshdgxznineeight,88
qsnvsonezqhsjmfive9one,11
6kvdrgkgznf1cmklmxgnine6,66
xkmzzdpknl661,61
ninefoursix7gnbmzd37,97
mmxmfnsrmt2bnhkmftxnjsix,26
fmhsrdtnrxlqgjttlgvmqxgzpl756sixllmdvblrvrrzkqgb,76
7xmppbvd976dqt87,77
fourzdctfglzzf1xdbfmrbfeightwor,42
8thncgqzvr989lthreeseven,87
5qmrzeight169,59
4qgvkmninegcsdgcthsp62onehczjhdxcgm,41
25tlppkmctwo2,22
668four4,64
rjbxtvfktchflstwo639one4,24
seven6eight4onehfztk,71
five53,53
nine33threethree3pznjbtxjmrrxm,93
19six,16
fivethreefivegxcqflqhjrn3fivehcn,55
vpbntqnpkjfninesix6341,91
7eightb7,77
bktffkqsx6fzvpnjhk,66
38jrjprtwo628,38
77tplflrp7,77
4one9one6,46
pkdhkbxrbshccxgknrjgseven44,74
49rthxdvlmeight,48
5twodhkpfn1,51
znine2fbsmeighttwo7,97
5ninexvmg,59
dbjbfmqtkp66,66
mdsrdjdnxkzr3xfm,33
two9twofive3,23
9kfivetg2five18,98
6fivenine2,62
2dlgpxsq7sixone6,26
tnqxgjbnc9bhqbgtwodxssml,92
18sixcjthreetdtprgsix,16
65sevenfive9nine4seven,67
nine34fiveqjdqc,95
threetzvxrb5vspdhrmjcnhtrzkqhd4,34
67nine8jrxt39,69
443oneklzsrtwo4tbbvxblk,44
xp7fourseven,77
ktsrninemlldztwo5ghqfgh55,95
five6eighteight7mtstgjlqmngzonetwonec,51
rmfourseventwothreedjtvf9,49
rlsgqhhvcdvthreekzjdssslmsixfour5rxk5,35
sgnfjqm4fivefiveone87nine,49
6twoonefive,65
sevenrftrnqrjs1,71
bcfgjklzfbnineninefivesrpcqtwo4,94
threek7seven1fxslmvnhmffqqvbfbhlceight,38
sixxzqz9fivethjgdv2,62
nineonefivesixtcrjd5,95
5645ptsjfrszgr8,58
1threezkpgczxr8four3oneqm,11
tvlfrfcnlc56eight8ninesix7seven,57
7clvmrdvdgjg,77
7mcstlktwo,72
dlxlpchr3eight,38
3ninelrzgkhx85,35
jlkqzonefourrvlptlxxgrthree4six,16
rxhpprsqtd982t,92
six4671nineonesix9,69
eightsixtm9vngskjglgvrbsqgcmxczbqqvxqxfj,89
vxfmc1six1ninesixnine,19
39fivesixthreevmpm4,34
xllclztxcxjskgfourlvggrvr25fourthree9,49
31sevensixninedpfrvvfftc,39
three64ctshdpcsfdjth95,35
fourgcqf8sixfivepsrdqvrld,45
5nine1qldrqhvfour,54
5three1three,53
6hjbgdqjtlppzoneninesevenqlmvgkq,67
eight1three6sixthree5two9,89
17141oner,11
five1two7,57
sxcfxblvfbtdtlkdpnineztnsfdkmeightvrr7fivejj,95
eight183krc8nkqk,88
sixthree38fourkgfbbv2sixsix,66
922threeeight4moneightsm,98
3threefive8bdzjs,38
onechvnhrfthreebqfive9,19
8sixgkvzgnfkjrrxrxvbvgvx,86
meightwo1dnbbpzrxftwo8,88
253lqt1bzfpqznz,21
klsgclc549rbksgrbbh56,56
3xksqcrhdsthree,33
55nxbjvps3nbmf,53
7qzzfourtwo1688,78
h5skqsrnnpxdone5fivefourkffrsblv,54
3fourfive2,32
25stdpqvgmzg9qksix5three,23
fivenxhkvbscrxx1j4,54
dtszrbcgpgxbh1,11
fivefvrp159three,53
68mdjsggnbtwokmthtwo286,66
xtwone7bkhjqkmmdkxvqtxfkpmckj5,25
btwonetjkkdfqphr2gkknfz7one,21
ninejgnxcchjqsevennvdjvttnqqsix6,96
395seveneight,38
lfrsoneoneeightfour6,16
four9prvhcqdnrgjl,49
qhbkninefive73six8,98
sixkqjtrs1hrmnt,61
5lmctnqtqc49eightnt,58
sixghthgcnpfeightseventwo3,63
vvvjbvnjfeight41nine,89
9gkxpcrql9three4,94
65seven4eightmjnh2gbjjstdgb,62
8four68seventhree,83
19924nine1lxnfzgt,11
fgjtbsfour4nine4vqfznznqxnsevenvzn,47
fiveone9bzshjmdvdsixxknhmmqskone8,58
xqjzgmdmnfivefourthreemmksmdsix6cct,56
eightklfnlkb9,89
rmtsdblmcghszsfgd66seven1bct,61
twoseven6,26
psbfmmmrppdfm5ninetwosixnine,59
rkcgdnslc9pjtqvgdmbvpkbbksxgr,99
mxjpns69,69
rspjpcv4fourthreesixfourninevlfive,45
2dgjgdn,22
66five8qxeight,68
five93,53
six7twovssixsixztrmfdrrvgqtdhmh7,67
32sqltqgoneightd,38
4five8tns1six,46
277,27
pmrzrckf6,66
8rglvpcttwo1twofive,85
fivethree644hrphp,54
fdpjb6,66
dfkpmgxfgfmtklbffk4sevenfive,45
nhqfpnvpsqpffour6neightfour,44
threeseven9eight67three8five,35
txttqnnineonefiveninesixlbscpqp1,91
three2sixtwotwo7smkmq5,35
8bjzjrnpspnine5,85
5three659fourfour,54
qrdrk7fouroneseven,77
three7threevhct,33
mpjpgfbt8five6fqjbghvbpcnine,89
7zonesevenzmlvfvzn,77
2hzldqdntffxhfpxlghf6threeninejrxngnjq,29
dfppvqcvthreessnnm65tqtn,35
56nine75rdkxdcmj,55
8twozvjkdltz4sevensixfive6,86
vzpzllmbghcccksevenjgjghqjr98,78
fgjsgxlh48sixg3three8,48
4eightfbppqltgxttoneoneseven3,43
six1eightddcthzd,68
fiveggljcppdeightnine5hsbfrtninenine,59
2xrdtzfnhpvpgone,21
982,92
two7nine7eightnine4,24
one431,11
eight9fmbfqxgzlskgjrrksr8six,86
9zhvdllsszd,99
4pnkpxrgltkdbztlnz2,42
4ninebkh6ninefiveh,45
five9ninevrzxhfnggfourfoursevensixlncsfdvrz,56
rqhjjxzeightnineseven7fnmbkrtqgr,87
8xfmqdone,81
pnszhd1trqb71gfhpjpq,11
9htfkgbxlht,99
sevenoneqgx29three5six,76
fourdlscbpbpb9four5jbdjzqqdthreerhqdsbb,43
five31sevennbmrbhtthreebzqxvthree,53
one4c,14
three38183threesix,36
6rtdclcbfbbdbeight1,61
2one8xdeight,28
2sixsixtwo,22
nine3pcjthmlmtljkrzxcdxkbmgzneightzcmtwohpdpkvqg,92
9two81qlhsrnfpdksdkd,91
threejrgxc4seven26njlmtbheightwodjh,32
lrjzhghhpk342threeninejskdnjjltt6,36
46threegj,43
ninedgpkqblftq2b3four,94
3951sixssgmjj3,33
8jteight4,84
three6mdvfkgrxcjmfoureightfour3,33
hvbf28,28
9fournine713six3,93
four1seven,47
763twoseventwonine4,74
ctpfmnsvcthree9sevencbqtjc3,33
sevensqdhvxd36,76
fourninergfmdxpdbt1ninefour,44
2kptonesixzpqrsqzhv,26
h4qcscfxfctjbqnff1sevengxvjjc3,43
d8cnjksdf,88
hzcgnine35fcbxtlg8rjhzbjfkv,98
jdvoneightdpfvzvp758fourfour,14
four27jhrgqnrjnkzffour5,45
fivetwoszrxz2fzfrbgqntjf,52
onergnqpl3,13
ccfqnc5twothreefoureight,58
grgsgxsevenkvzfjppnzq2sztcfive,75
9two94onesix,96
nine7seven7,97
eight36,86
plgsevenvfljnqvtfq5two,72
threethxdbnz49two2vdxbpqtpb,32
cf9fkrbrvjhssptthree,93
one5lrcn3klrcphllmz9,19
onesix6seven8tzgfdbm,18
964khvfxtrljs88,98
trszhb48fmseven,47
tdfxvnhrzv8threesevenkgp,87
ninegnmjxzbtcb32four9mlpkbfqdxdkoneightg,98
sixnineeightnhlqfslb2v,62
one83fc7zs,17
pxfkljdbdqqqvnrfivefoursg5nine,59
2onevh,21
1fgjrsdlgnbmsbzsevenfive,15
3nine87pmsqqntwojtnrksdtwo,32
two59kltcxhzszhdtwo,22
6451,61
sevenzscjhgpfgsseven7threeseven4threedlbtxtcvl,73
eighteight8sfsvhbkf9jgfrddx,89
qlvdplcqtrcj2eight4,24
sixbcpxtjt4onetwothree69,69
91fourrbblcl,94
twozvqbsx4,24
twogfh73,23
onesixljjrlonethree3rxtwofive,15
onefour62,12
b7vfplpqnine5,75
67dgbmmjsevenfivedktq,65
7foureighttwo4,74
sevenctctvfg51tsbzqgcvpvslqb,71
mjkeightwo7eightsb6one5xzsix8,88
151dht66,16
93tkbs,93
29two,22
foursixtwo5gprqslprxkrbfbmsl1six5,45
one3six3,13
three66rbh82bgtfzsfrkhrv,32
2sixfivethreefiveseven,27
fcjttg4onesixtwofive,45
15seven54,14
5kjdkr9htl,59
gclrsklbvkfbdcb9seventvdtdmmmksh52xkxtpmfpvk,92
spone7eight5xzjrlxrnzjtqgpdcgrsjn,15
vs3fourdkdlhx7rb,37
9ldxtdk3,93
4dppnthreetwodvkhjjrqh1zbqxntvtxgchv1,41
1sevenmsdrjgqfivevphqmxzghktwo6fdvkvqhj,16
tbptrcvxhs9qcdxcpvp,99
8five2ssrrhgtxfone,81
3clvbm2g961,31
four2onegkhbdfive5vxvxvtxglg6hxrtlhzjh,46
kfhcmflznrg9qnkkxqcsm2vqqtrdg8tjkshzpnddvd,98
eighttwojfktjcrqthreepssfour39,89
359nine2fivevvscbvggjhbnnzqtxfsbpb,35
vvshjlcfqt6qjvfjsix2tgsjbdxgppq1jmr,61
ninehhmeightcvqskvjptz2kdnhpptvkz54,94
39threefourndztxcl,34
sevenfive7,77
csmmpzfsix41,61
9cgqxtpdxt2,92
3mpzvlxrzvhtj,33
fourkqhzsjjjvx3six1,41
52one,51
nineltplrl8tfzqmnqeight,98
sixfourdqrfvrvbvfzzgb6,66
mqnxglzjk6qqhzksklvsmthreesixmvhmhbdkqpnxcsgvcsl,66
65,65
zqconeone85three,13
rxnhdflsqdqglxdmfxlxponeseven4one,11
88nkgcglftwodfxfhzxbqdpfrqmtwonenf,81
jzoneight9htkkpszpcqvkmlvl,19
388xnq,38
9xhlrqnkjpthreedfknpmqqtwo,92
4onemfzjfvmhhfive3two5pjdcf,45
djqjglztxs5nineeight8jdzone,51
four35ninefourfivethreecnhntp8,48
gxqxl6fourlfdtndgdql,64
fivenine6,56
1pqctbpbbgrmgqfqbzbjjt6,16
xzvjjfnfr28jblqseight,28
ctwone23,23
6sevenqjtwo,62
8nineplhlmsgjvs1,81
lmjgmltfivenine9,59
8gxnnnjonesixtwotwo1,81
2seven678cdxhkflhj3eightthree,23
djzninefour3one,91
vbqhjjhpzg86rkzdjzfj,86
eight1twotthreeqqlr,83
bkxseventhreezcjvdkxzksxrznp6four8,78
five77xcvphzcnlfbgbxnqbhfrldg,57
71qxqdncxdjsix,76
eight6one6jnpspgmhngzrfneightzdnrdhj,88
xb9skhpnfjsmq,99
jxgtk618fiveone1zr,61
8dkdnbfr,88
3llplnp4dzdxfhbvbn7two,32
eighttcgrbhrspktwo6eightddxhqqbprrf,88
eight2mpmzsevenrcbmsqg2cxjvmblnqbqdjsl,82
seventwo54,74
koneightsix22three,13
zdsnjr5vxrhkthkr8qmddrzclmrkprmvbll,58
fbkmfxncztwohjbfgkhgvcdkrpnc5,25
ksprkgxkjnineseven3fivebjpqhrmbdtwo,92
fourpss5,45
1three9fbnnrjcgllkvcs6,16
oneone9kjchnfsv9ffcdspfive54,14
26ninejctplmsgb,29
9ftfjrmvjblzqqmrdczpone3bphtmmkm,93
7lpssdtbc67mhnthree9cndbsthree,73
fourfour49four,44
nineeight8bzeight,98
128zpqftnxnqz2threettrhscsll,13
1xdtxcg4tkxtsnl,14
hmxbjczvgmcrd9mqsfivefourninethree,93
5hseveneighttwomgxmlmskr8,58
zdtbtszzkbk5,55
eight5nine6xthreefour,84
9rbfcnjztthree4v9vn,99
voneightqdtnrtc4,14
86cnzxs2three5,85
eight9seventhree,83
tjmrjgcfldqtbrvnzzxshxkrs3onefour,34
2rxplslzcglskjxgthk76cczdbxrp,26
sevenpdvsbhkknxqkqxfcz6bhmkxmhdbvhcvvhpmv49,79
three1twotwopr2lctfjb,32
zrbrqmh87dmxzmtfvthreelsleight,88
34dcnd8eightwombx,32
two9xnqtcfgq8tsqzvd3three,23
nine5fq3,93
eightsixfivemtcgzlbkheight4,84
qlspgfndmx5twobtjgzgvzmcone,51
5zlldrzrffgggtwo648,58
seventbqtkpfivel6,76
hjqbmfnnqzmf4,44
fiveqhdfsnjvqtwo6two,52
jftwone7,27
4twolqvglgxcc,42
twoqjmgjtrrjjt1eightcpj,28
eight9sevenmlkpsbzmtnhdrkbmj,87
trrpdninesix8oneqxtrzf,91
5sixtsxqdbnczhbvmfkvkc,56
tvbf2,22
sixtwonjssgpljqrxhlstfx4xbhqzlqktsixfour,64
kfxccb45tzsftztxjhgnxqsxknl29,49
tworjdcgsgvsix6,26
eightjbqfive26gfspjh3nine,89
2sqhleight7cfkhzrsevensevenfive,25
kzpzjcrl98sfive,95
sevenrsgtnine4pbgvrbcpf8,78
25q3qkcxlvhrxdonednbtcrrvjlnngq,21
twothree4lffpxvfcgqrkvdgzdsdjxjsh,24
seventhree34seventwofive9ckm,79
three25skfkvqdmbmsixxgqx,36
three1eightthreesix4,34
threeftjlv9,39
6spbhfckxcdrxlcg6hxcfive6five,65
8drbfjrgzvs834slzhsbgrjm2seventwo,82
sixsevenfmrvpqbgx4ncrmvfkjx62,62
lqfsslkmstwo7rgnqeightthreetnlnonehszkrghlnt,21
5onethreebxxfstvd,53
djchrbjcrddcqfourmnninesevenrdlpfxthr2one,41
three3threeoneninepcrjr1,31
twothreernxmhmtbn2fourtccrqhqs,24
lzzdpfourtwo1six,46
two3one3,23
zzcnprtjdr22286,26
seven5qjlfrhj7seven8,78
seven99,79
mtztq6one37oneeight,68
mrfcssmzxpvcz2sevenfourfivelpzqkvvdxmmpmxqshskfnh,25
nine8rtx71,91
1llzpvcdgmvoneonepksninefourthree,13
gbbvkcfive18two8twonineseven,57
2fivenztsix2nine,29
gjqnnr422seven4ppbsqdbpcfour,44
fourtwo5one7qfgpmmphdtl,47
pglzjrr4fivebclpf,45
slrrcqxxhtwoeightseven6,26
dnknxxkbjplrkjone2threesix9,19
htctqnkcmfqdxrzd9eight9seveneight,98
8sevenfiveninermlrrzpcdxkjkczhgpx6eightone,81
eighthnfxhrtssbmfxv6v,86
6fp539,69
sixzmsfqjzpvxjkhfqcrbss7xgg15,65
nine5ninevddknzczpxgzjx,99
jbcsf3,33
jjbstlskzxc5nine,59
jlrvgcbch7tnpfjnczdsrgddrseven156fvdmfhtl,76
one89,19
three52sevenlxxskf7gxh3gb,33
eighttwo59mqzdlqjdkkxgjhnktwoone,81
519six,56
1onemneightsixdlqx7,17
7fgszpqcj,77
sbfjtrfvnv6four,64
qtwonedvkninercj8,28
ntrnzldltrvtcsh8eight77sprgsvfdljthreecndckrzmjl,83
gtspn2,22
54six6mkjznlb,56
sevenonethree3sbpjqgltv,73
four8two,42
xdzrskv3974mgvjlhzbkddhcxzzxv,34
6three1mtlxshtxfpnine,69
14threeseven6,16
37threeonefpfgmz9,39
three3sevensixeightfive1nkjtndgrd,31
2dsmr7qhmnrgbsrvjmsbctwovb,22
gkdsnnqzlzdvcgthree3fivedzvpcfive6one,31
3vkftsclsxtxmsjeight,38
sglkcnzgz4mnhgblxqgdv69,49
tpcjb4one73s4,44
sevenrvhhxjcfqgs32six1pjvltwo,72
8zmktmxkbc5mpgrtnxmnp35fttpmdbhfm,85
1sevengeight,18
hghs1sixvvjpmlcponethree8kckgkf,18
gkbpflqvh1cbddlvdkzhfmzcfourkmckngsevenxkjknplzv,17
5sevenfk5qgfshtqseven155,55
dfjdtxjxb8fivefivebjtbggkdlpxlmnrcdt4jrrpnbtvlthrhmczn,84
2fivefivejxhh6,26
41threehtwo4nhzdn2,42
2fzngnxvvpjrqxk6,26
53sdthreeninexrfone,51
6qmrthlzgqeightrzrdglxvscgr,68
snkmhszcbmthree5threejsvkpkknpeighthbv,38
cmgb9seveneight,98
5djnine3bcffxgjbrhxbfhgthxb,53
1flqjgsf2ms,12
fivefive7onefour,54
threeeightksmhj94jvfvqrsgqrsevenj,37
jttgbfmh9468ddshrxnjthsix3,93
25four,24
9sixseventhreefiveninefive,95
eight5twoqrfgpkbdfc3qxfmchrjx8kpp,88
nineftnvllx1rjzkkt,91
gmeightwothree1fgfivejldgmt,85
nine966fivethreeninecpmgsxsxz,99
77bfhphxczdg2eight,78
89hcgjjtchsix,86
1onexps1,11
3fourkgm,34
hjgnbninevxdtpnct7bmstnczzteight23,93
twoone1qt8,28
43744,44
fourtfgn2,42
sixppztkbvllkltbs51xknnfive,65
tqxoneight5,15
twong3zdrbpqnb,23
fivebcrxk198three,53
435sfddjvfg56vkddkzhhj3,43
qcnhlbzmbld2fivebsix,26
zfsrtwothree8,28
nineeightfivetwomcjm2seven1,91
3gbnxlzxhvzzgfjjhf44fgbccpthhnkpht,34
3ccmrkbfour68ninetwonebz,31
sevenrccgdjrqj9one,71
fourzgdfbsnlb66txclxgp7,47
jmzlbtgbtl8three,83
6nine32pr,62
sixffcsmhlfiveklbmgj8nine,69
psmjrt65tppjqeightzqvglglnine1seven,67
fourninehhzh8seventwoone,41
48two2vzbrl,42
mdlzptrcsix3three9,69
sevenlgr3t,73
7sevenpphjhvdhkheightwojv,72
seven3756,76
four85,45
4twoonettmxjncsqmgsrxsf,41
fivesix6twofvzqxpphzmlkj,52
eight1twojrzspbfbzkftwo,82
5eightthree5,55
31ninecjnsevenjvbsvpphpxxkcnine9,39
nine5vnine486vrhbkgl,96
sevennineeight97qpdlfbskz7sfbtm,77
onernqbxt8twoone,11
gftjrbmkmngtshchbgfc1nvvt5,15
four5dgvsixzhlxnnmjhkhkljcfdpeight3,43
ttmfdxhd3ninekzbtsixnfmvfour,34
8pfkhxhmh8xkghgdk,88
nhs4threemxjpbgsix1s,41
ghtwoz1,21
sixdthree7vlfbpzcm1ndbbczvc,61
ninetwo183,93
twofxsdt36fcthreethreeseven,27
7grvvzqhcbeightwopx,72
twoninevknhnkgdmhmlbxkeighttwonine4,24
4fourdmclrghj2,42
sevenmtgvr8four76fivekdqbsmmtq,75
klgpeight5sbknbhvsixfive6,86
2vddxlzfpsrqsbsixlgrfnhone,21
jxfhlzcp6qctpqhb1,61
eightd1162jsfcsplrctwogcpzlhqf,82
one4four7xx5,15
threebqmzstphclb5fiveninethree,33
bkxfxxms6eightwoxz,62
nineeight4four,94
sdsgszdznng4sctkfiveszkdknqjf8,48
vtzmnllvvhrcfdlxcxxlqvzst1,11
htzxcxpvqj91sevenxrggdtjzbrgcv,97
ldcnbzstq4ktzdxgmcl,44
twohshbblseven4grzpdtfmjn13cmg,23
cktjnhdnine1three9mjqvnjtkseven,97
891ninesevenxbdjs,87
kxjpngdtwomxttdqcdkhdj686sixl,26
hsninefourcxfj3five3eight2,92
6eightgkkr1one,61
658one,61
zqgrxfourfour8,48
twobbnfkdtb9five21zcfiveoneightjgt,28
79jsm55twonine5,75
eightftk2two,82
eightbjbvqscs5pvmb14lgvgfv,84
four4four,44
qmzheight5hgfourkgtqfhjfournine3,83
twofzdqtvssx2,22
1fivefivesixsevenone47,17
xhrjffnine8,98
oneseveneight72fqgzscqt5,15
nine7fours58,98
three2fourseventhree,33
35ninesix,36
qgjsrxgqb5,55
fiveqghjjvjthree4eightqfgrhblkjtwo,52
9mvcm,99
96fourqzdsix,96
vbzqmmzbvrbxltvlfmcpfvnddmgsbb6four7onegn,61
three3qnlxmkhpctwosevenfourvmqmqlgfrsn,34
2seven5one2six15vgnqzpggn,25
sixljtvqzlh1,61
45onesix,46
foursix44eightseventhree,43
djsix84rnx8z34,64
1mkgthree8two9956,16
psgnl6six5seventwoone,61
546cfgr2three,53
thtpczmkskptzn9pqzncp,99
31threeninesn7xhqvrsv,37
threehmjpvctfhnmhs57ninepzfvq,39
teightwothreesixdzqhvljk84nineninesevenb,87
gvptkx9rlsnmtwoonesqfxmzkv,91
7twojszdrxcxfour,74
3eight617npsbbrpkjtzsmeight,38
3sixqntvpttddsixninemtpb4,34
1onefiveseven2fourseventwo6,16
67foursevensixsix2,62
one7qeightonehckxhxdfjjzsrdnj,11
38onehzjxg,31
4splxs1zfvfksevenkrzfive,45
fourfournkcj9,49
1ljmbhcpttjnine,19
2xnvfpdgccxfivellztmtpnc,25
ljvlxplhxfsjqv6sevennine44nine,69
qdonefourlnrzrgthbt1,11
twothreehvvhsxzqz1chvbcsxtll,21
82vmfjbvssmlgk2dbsljgvd3,83
xzfbfmbbxfeightgfz3lvzpzbpmv1four,84
oneeightfd5ninetwo,12
ghddk7six7xqmglkvnqonesix,76
six1eight,68
7five5ptkbvvvfive,75
3hftgthreehcfrsnl1fivetwo,32
7six12onebhpz,71
mkqjv8bzdnt9sevenfourtwo,82
five3mzgqnm,53
sixtwocbjxlgvp1twoseven,67
dkfmbzmvxseven971,71
bninetwojnsnkc7,97
ninekzcpfive4five3phz3,93
eight8143,83
eightrzdmxzb8eight6,86
5pdjm22ninej37two,52
fourtwo8fivetwosixthreetwo,42
ncttc71fourfivejpjzcgzpj4,74
5882three8glcvgnfhscbtmnqmnh,58
ngxkxtwo9pltbbmxrknvjheighttwo53,23
twoninenpqqqgsbsq3fjdk,23
eightsevensixhtsjvxjc8jxftgnptgqsixvcncglzlgq,86
sjxtcnt8gpeight7cbgffmgqksix,86
fdsn9threenineninetthree37,97
19rrfdqtpmonetqjdcjtxlhkptccjn6mtztqhvvtqftbv,16
vrhprdjsfour28p4,44
eightfiveeightninevdvnmbv58vrs,88
qdzhzrhlfl7hhxqzxqdxeight,78
svnbzgbhxjcx26xclfgs,26
5lcggbhzrmnknine83txffvcdonecrqvvjf,51
six5fpncsbbqbbcczcmbgrqmndxmrxloneone,61
1one6,16
88gctsmp7eightrvshklprtm,88
xf874onehhcknx,81
sevenvvncrhvxjxnzsftkfhsktwo3eightfour,74
8ngprdqfour,84
98fmrxpxzzbrjpxzqdxmv,98
2zbxzsthreefivefhdbhvjjxv6btwonef,21
jzkjcvpn924qjcbr97h3twoneff,91
foursix3,43
9pmtdjvrxjrponetjlxbdzbvrcjtc77,97
52twoeight2fourh8,58
kpzfztlzlkdprbmrhsjcxfzsbch31,31
4fivebtfjmfive6seven,47
ccttxjmheight6twothreelnjmfoureightnvcvpmpc,88
6twoz1dzv95,65
threelsmgdnxcsevenqr4xrtthzgkqxsrdssmjqv,34
fourgpvjxdg4qpvfivefive8nine,49
9mncmnhrclsq,99
9zjfmctz,99
pndgptggnsthree8xlcctvpsix6three,33
98npgrlkqmcninethree,93
fivexp6fourdpckhqpcxczrfbr,54
six2xdgsqdpsbmgftzvqhnjg,62
7ninepqheight2eight7g,77
2zrsevennlpcljnp,27
twoonethreevvpfp1jrhsevenfour,24
threebzmggv7bjm6cczkbsronetwo4,34
three1foursgvfdrrqmk4two6,36
onengzkkjsxsjlxxxthpd7xfcvkthreefour,14
sixnine5sixeighthlvmf,68
63gkmbsdc3fourmgrjhrlbqgcfxf,64
2bmldthree7skhhpxfonenineone,21
b6seven7,67
seven39,79
twoffxbsgpcxctmmvb4kdhn89,29
seven1fmgtseven,77
ninegxbdmztzzbqq6lgcvsbhzplqt,96
7twoonev,71
24nine,29
tvjmbzlsjtrtdhdlvnffmcfoursix6sevenonebvq,41
5jpntjsthree1threetkbsh7,57
sixone423fourqnczdxcpmsvjpzhl,64
33zdfourseven3,33
77lltwo5nineseven7djjmdqkqfd,77
4xfnpfbtdl7,47
two5ninejbrfrsbrsvzfivenineseventwo,22
89znjldjptdnfkeightkpcxdxcc3bkmfhtzkkh,83
qlkxd1rv44qlhhpjrninetwo,12
6l2rfscvcgdm7,67
rhtsrbrmlnfvseven1eight23dd,73
7xcglznxrjzsmhqnkqjhbjqxnjpjx15six,76
fourfiveq1vcsnnsxkmrcjscn4sevendbbtjh,47
6qcvjplvnine91rfjk51,61
jmdsgfxd5,55
tlzpvtsvkdsixtwo95,65
8threeeighthvhlqss,88
threetpxxlmfrhpf15,35
4twoeightsix,46
rg8nvrtzxjvfddkeightwofzs,82
tggqninemk1,91
mlchhftqkxtbhfpjsixnine817,67
231rpkxcvcz5fcztnqskqtwo,22
five9hhrtmp9twosixthreeeightv,58
9threeschsm17,97
hhreightfour171dtbmhzhhjb9fgbg,89
bhgp6,66
fourztzlhdr2hbdlv8fivenine,49
fourseven8seven,47
eighttwo8eight,88
two12,22
threenine76ndvklb,36
twoseven9jxfcthreecnrpvglksc,23
84fivehmf,85
jpgbtnrsb15eightgdtqmk,18
34two8eightbxqvc5nine,39
four4hsgjmtbfrvfivenine,49
threecfcx8ninefive3xone,31
cvhtlnlnhh71,71
four9sevenonenine9ninejlgmtvxmxseven,47
vttchshfgfpdbmpmp338,38
nfcdnhq6nineeight79,69
rgltnqzrzfqdjsfrhzmfivetwogklxqdhzbjtwo5three,53
five3n69fiveninesixtwo,52
nfhheight12clcqcnpdbz6nineseven7,87
eightgxtmstbthreedvrqllvp1ljqstbjdhcmbmbeight,88
two26four7three,23
6rtninethreefive,65
vhnqgdzzbxr9two7mdjzsx3lf,93
twothreepzxljpd6sixcmsxkcqkfive,25
6threesevensevenjzkcqthfivegmjvstrsix,66
five7fivetwofour,54
onesixseven767,17
36onehxdpmcqxsfbfive,35
2hdvqrlhs5six,26
pjfcjrnjnk9four99nineskshccmmnvxzvhvqmcprkdqvhhk,99
4gronexqnzdfthreejgqt,43
kvrsixtwofive2,62
eightfourone4hone,81
cgbjtdbvptworbcz3,23
jpgmhfour1,41
ngbgjhlstwokxc8onejlhczxvnjbrkqzdl,21
chbmqrz3fourthree,33
rgvmkpeightqdssbcgf9fivefive,85
5vgrscgshtbfgbljt5,55
pxgq5kffxbdjgq5cjnpzfdt738six,56
meightsvfb47xcdfkhf5,85
clzqdc4five1onexfxlxnltfourfour1,41
fivesix3threeseven,57
tworgklxh1threefourcsrsbj5,25
3fivepdppjlmmb6fkgrcbldbxsdjpbvbqgpj1nine,39
9clvlvsckdmjsbxzrmrhfour,94
fourlptwofqspctl913,43
28foursevenrfjfive5qrfsl,25
gfhmkfln2jcqttonethreetbmcdhhvbnmqdgsbrrmpk8,28
eight35qvkxtwo3fivevfive,85
26fivegpcqqsjr7five,25
three1seven4,34
9fiveonevmxhtndtfzmnxvtjkmr51six,96
64vgrgtwofour,64
four9one,41
nxjtdt2three1three96lfzglzcfour,24
355six,36
9lvqslrvdrd8six,96
9threetwo35six,96
two57,27
phpkcmfxvt7gphd1qglpmckhnj,71
sixthree1ffrdbsix4two,62
spbscvjfl8vvkpjkshkx3,83
5nnjdbjj3,53
bmmqrrkdcfbctmsk124eight9one,11
4rxdpvqlhn,44
seven13glpzfknqtxdqjq3qblzcjvx9,79
8bnkbzszkxkrrfdmcstvfvp,88
nndndjrs1qd1421,11
twovn9four8five,25
eightrc1,81
ltjvtcqfzdfourseven8kvcx43,43
vn6ninelr8,68
2seven1,21
7rldpqrfoureightthreesfhz11six,76
56fourkmvl6threegzfqnlrlz,53
8mkpcsnzmknmzpjppf8two7,87
bzgvzcpkqxmbxcqsix4qjzt28eightwoj,62
threesixxqkshhnine7njtvvxfmjl8,38
5seven6vqcd62sixone,51
three552,32
hsslkhbd88zjhqvgtzpfour1,81
oneone96fvjbmcnzrr,16
pspndcdtctwo6,26
v3one9,39
fivefournmrfrzghdh7twoxmpgkps772,52
vdkqxqnsthreefive25,35
kgjsevenczqrqf14pjchtfbnnninexhgn8,78
lqkhzjzm3six1one3,33
1three3l61seven,17
1flsfhznl,11
r8hnbpbtrzkstdg,88
hhrmnkktv7seven29fourpvjceight,78
2mbft,22
954five9fivegbmlz5,95
dshbfdqdjjgtxffjmllgvxjfrstgldgdxjsfxbone9tgseven,17
fourseveneighttdgghnfive7pchxddgggcq,47
8zx5seven7pffldzjhdb8,88
bpqslhkt33sixnlxckbbr2,32
xqmxvjcplh4seven,47
jd9zxmz2two1kvsghkvkpz,91
9blk3,93
6rjvmrjk46,66
onetwo6ninehdrlnxgbc,19
6drvnkssqzv5jfnineseveneight,68
sevenmvxlzmtwox49one1,71
8fxnnjr18fivefcf,85
five98sixkblsvns7mgttvhhz,57
85qkkg463lxdhzdtllqtv3,83
fivethree5eightfivessrnhsmdrnvssxfgxmsix,56
xgmqjone7j,17
pkclcg54,54
dvllcqqghh891pdlqnbtb6183,83
2qbnqkgncqrvlfntwo,22
seven7qdfzfpfivepnbhrqx48,78
682sixqtwotbgnsspzqcntlrhpzcq,62
2sffrxkgmsixfivetwokfvnlhz,22
sv9klzvnzsgjmoneseven,97
bzbppxbdpxs9,99
68ninetwo99four5grdrrkpr,65
mtfcscprzkeightfzdbhdndqh1njdfourtdtflbfjrth,84
8nvdtbrfrvfivesixtwodzxfhgpzlk6cgkbr,86
3slmzvnine5fm,35
eightone16nine,89
kdzrjbh2txzz5hbone96one,21
17pgtwofl41,11
eightoneqjvzv3,83
fivetwocrhmvxqkvbeightfive1qzcxvds,51
2htzsvdhvqvdjv,22